{
  "argument": {
    "space": {
      "start": 0.0,
      "end": 12.0
    },
    "times": [
      1.9118765572126002,
      1.9118765572126009,
      2.0949519427783634,
      2.094951942778364,
      2.4238073684238883,
      2.4238073684238888,
      2.425050917668638,
      2.4250509176686386,
      2.425678551782791,
      2.4256785517827915,
      2.4358321192790373,
      2.4358321192790378,
      2.437118681014807,
      2.4377797247802504,
      2.437779724780251,
      2.465194080662623,
      2.4651940806626236,
      2.4838995549525285,
      2.4838995549525293,
      2.8449519427783634,
      2.844951942778364,
      3.906578382625054,
      3.908043226375054,
      3.9112900792721836,
      3.9120225011471836,
      3.9224629775839794,
      3.9228291885214794,
      3.925780055015893,
      3.926512476890893,
      3.9825141623217615,
      4.013430080764038,
      4.107180080764038,
      4.125909834752939,
      4.126642256627939,
      4.132130627613417,
      4.135060315113417,
      4.145431843304869,
      4.148361530804869,
      4.152662761208779,
      4.157057292458779,
      4.162419849020872,
      4.174138599020872,
      4.180719471305555,
      4.189508533805555,
      4.203803118076464,
      4.206732805576464,
      4.210244163207764,
      4.213173850707764,
      4.219023615183428,
      4.220488458933428,
      4.223020480671531,
      4.224485324421531,
      4.2297725132300865,
      4.2370967319800865,
      4.240617726476805,
      4.242082570226805,
      4.242344020940581,
      4.243076442815581,
      4.2456682700042645,
      4.2460344809417645,
      4.247644225361745,
      4.248376647236745,
      4.249253969781725,
      4.250718813531725,
      4.25199848444493,
      4.25346332819493,
      4.363157588786864,
      4.4409921713135425,
      4.4417245931885425,
      4.457931526902369,
      4.484298714402369,
      4.488259620559639,
      4.488992042434639,
      4.492220526716907,
      4.495882636091907,
      4.499101226799273,
      4.499833648674273,
      4.50274632689384,
      4.50421117064384,
      4.515648014292674,
      4.530296451792674,
      4.539587472266883,
      4.542517159766883,
      4.550317776257519,
      4.562036526257519,
      4.568371234863971,
      4.597668109863971,
      4.6055447835408945,
      4.6084744710408945,
      4.612390572454506,
      4.627039009954506,
      4.637663869428759,
      4.649382619428759,
      4.650429838896513,
      4.665078276396513,
      4.6776583235158355,
      4.6893770735158355,
      4.6900423716081825,
      4.699818339561489,
      4.7024221352877245,
      4.7185354165377245,
      4.718883274842486,
      4.720348118592486,
      4.722127218079887,
      4.723592061829887,
      4.72571901962205,
      4.73157839462205,
      4.731643412893968,
      4.736037944143968,
      4.7362863059791795,
      4.7377511497291795,
      4.737934493292473,
      4.739399337042473,
      4.741230867919061,
      4.743428133544061,
      4.745713499828733,
      4.749375609203733,
      4.751026624282626,
      4.751759046157626,
      4.760125484009009,
      4.760857905884009,
      4.832281769930721,
      4.974312693329675,
      4.975045115204675,
      4.97748873213337,
      4.97895357588337,
      4.983529009566106,
      4.984261431441106,
      4.997433959647406,
      4.998166381522406,
      5.0138920827488285,
      5.0153569264988285,
      5.019340393765578,
      5.022270081265578,
      5.030314706819995,
      5.034709238069995,
      5.0395030812537875,
      5.0424327687537875,
      5.049069740310779,
      5.053464271560779,
      5.0807334760419725,
      5.0836631635419725,
      5.085361963133748,
      5.089756494383748,
      5.095905839171176,
      5.100300370421176,
      5.126349888512376,
      5.129279576012376,
      5.136581432353442,
      5.139511119853442,
      5.20386002818014,
      5.22729752818014,
      5.259211358854573,
      5.272495291358327,
      5.295938652109071,
      5.298868339609071,
      5.338005303180605,
      5.343864678180605,
      5.349531836424938,
      5.352461523924938,
      5.396264872182372,
      5.402124247182372,
      5.501547503203319,
      5.524985003203319,
      5.59582264724893,
      5.632731040185433,
      5.679427147445004,
      5.685286522445004,
      5.71906088396391,
      5.72199057146391,
      5.842763878148672,
      5.845693565648672,
      5.850644457214586,
      5.856503832214586,
      5.87295154445297,
      5.87588123195297,
      5.921144203809844,
      5.924073891309844,
      5.9432301452402925,
      5.9476246764902925,
      5.953486037929769,
      5.954950881679769,
      5.966554251109386,
      5.968019094859386,
      5.9846557429839935,
      5.9875854304839935,
      5.994597745717149,
      5.996062589467149,
      6.0023575976702634,
      6.0038224414202634,
      6.0563315722185616,
      6.0614585253435616,
      6.085214643188398,
      6.086679486938398,
      6.105217501475601,
      6.105949923350601,
      6.479133388397588,
      6.496516830546589,
      6.519954330546589,
      6.521548797951653,
      6.521915008889153,
      6.526459023252034,
      6.528930947080159,
      6.5290764921883175,
      6.5305413359383175,
      6.530556159807799,
      6.532021003557799,
      6.532687798929871,
      6.534335748148621,
      6.534743045255172,
      6.540602420255172,
      6.544922735452589,
      6.562500860452589,
      6.567506741535272,
      6.715577055560368,
      6.742926358672684,
      7.221367932506083,
      7.223565198131083,
      7.329897264009336,
      7.330629685884336,
      7.366199457904328,
      7.369129145404328,
      7.39952692769373,
      7.40099177144373,
      7.504022704389905,
      7.505487548139905,
      7.525307228739232,
      7.526772072489232,
      7.542994375832983,
      7.543726797707983,
      7.636571902167187,
      7.638036745917187,
      7.649791923482063,
      7.651256767232063,
      7.661533111286426,
      7.661899322223926,
      7.695041078678678,
      7.695773500553678,
      8.512171555698043,
      8.517893971713594,
      8.520823659213594,
      8.523616387729144,
      8.528743340854144,
      8.530089227967478,
      8.533018915467478,
      8.53854981649154,
      8.947703217861639,
      8.949459899540946,
      10.268539561255306,
      10.272061276187756,
      10.568644875708657,
      10.569749601899472,
      11.636323749038807,
      11.636916321811245,
      11.78886482391334,
      11.811520359531697
    ]
  },
  "tolerances": {
    "objective": 2.756143741753549e-08,
    "gradient": 2.9796590311805508e-05
  },
  "objective": {
    "value": 1.3442494916060237,
    "error": 1.8451539240185897e-08
  },
  "instationarity": {
    "value": 0.0009181504104492921,
    "error": 1.5245472705335724e-06
  },
  "solver_parameters": {
    "abstol": 0.001,
    "thres_accept": 0.2,
    "thres_reject": 0.4,
    "thres_tr_expand": 0.6,
    "margin_step": 0.25,
    "margin_proj_desc": 0.1,
    "margin_instat": 0.25,
    "tr_radius": Infinity,
    "max_iter": null
  }
}